Age,TotalSpent,NumTransactions,AvgSpend,NumInteractions,NumComplaints,LoginFrequency,Gender_F,Gender_M,MaritalStatus_Divorced,MaritalStatus_Married,MaritalStatus_Single,MaritalStatus_Widowed,IncomeLevel_High,IncomeLevel_Low,IncomeLevel_Medium,ServiceUsage_Mobile App,ServiceUsage_Online Banking,ServiceUsage_Website,Actual_Churn,Predicted_Churn
0.5732313087276673,1.7480750405340275,1.5164495974069492,0.4651496948000876,1.2229106604926003,-0.6128760912054596,0.1486234853684047,False,True,True,False,False,False,False,True,False,False,False,True,0,0
0.5075916306413661,-0.8015421535095744,-0.7893531355990558,-0.3129039520565866,1.2229106604926003,3.0460856473345976,0.1486234853684047,False,True,True,False,False,False,True,False,False,True,False,False,0,0
-0.7395622529983547,1.4231315322047606,1.1321491419059484,0.5380967991705972,-0.0024507227665182,1.216604778064569,0.2909831456829685,True,False,False,True,False,False,True,False,False,False,False,True,0,0
-1.5928780681202688,0.4234710317805948,1.1321491419059484,-0.6773338653990272,-1.2278121060256368,-0.6128760912054596,0.0774436552111228,False,True,True,False,False,False,False,True,False,True,False,False,0,0
1.163988411504377,-1.4659776664139652,-1.5579540466010575,-0.843367125958757,-1.2278121060256368,-0.6128760912054596,1.2875007678849155,False,True,False,False,False,True,False,True,False,False,False,True,0,0
-1.5272383900339677,0.5868503736998579,0.7478486864049475,-0.0786358141534423,1.2229106604926003,-0.6128760912054596,1.5010402583567612,True,False,True,False,False,False,True,False,False,False,False,True,0,0
-0.6739225749120535,0.8972995701268272,0.3635482309039466,0.9580468118431488,-0.0024507227665182,-0.6128760912054596,1.643399918671325,True,False,False,True,False,False,False,False,True,False,False,True,1,0
-1.65851774620657,0.4595036202479888,0.3635482309039466,0.248325031857048,-1.2278121060256368,-0.6128760912054596,-1.7732319288782072,True,False,False,True,False,False,False,False,True,True,False,False,0,0
-0.1488051502216447,-1.1605134295945154,-1.1736535911000563,-0.5756321112123064,1.2229106604926003,-0.6128760912054596,-0.3496353257325687,True,False,False,True,False,False,True,False,False,True,False,False,0,0
-1.4615987119476666,-1.1319176422807302,-1.5579540466010575,2.405950393067926,-1.2278121060256368,-0.6128760912054596,0.860421786941224,True,False,False,True,False,False,True,False,False,False,True,False,1,0
0.9014296991591728,1.050112965051892,0.7478486864049475,0.5650839390322908,1.2229106604926003,1.216604778064569,0.931601617098506,True,False,False,False,True,False,False,False,True,True,False,False,1,0
-0.936481287257258,0.7179223007714765,1.1321491419059484,-0.3193272207420639,-1.2278121060256368,-0.6128760912054596,0.2198033155256866,False,True,True,False,False,False,True,False,False,False,True,False,0,0
1.6234661581084848,0.4915672055496137,1.1321491419059484,-0.594539579035198,-0.0024507227665182,-0.6128760912054596,1.5722200885140432,False,True,False,False,False,True,False,False,True,False,True,False,0,0
-0.936481287257258,0.7081013885012281,0.3635482309039466,0.6513329871249998,-1.2278121060256368,-0.6128760912054596,1.4298604281994791,False,True,False,False,True,False,True,False,False,True,False,False,0,0
-1.65851774620657,-1.182024613987832,-1.5579540466010575,1.918572529117571,-1.2278121060256368,-0.6128760912054596,-1.4173327780917977,False,True,False,False,True,False,False,False,True,False,False,True,0,0
0.7045106649002695,-1.237482289621483,-0.7893531355990558,-1.726330501362734,-0.0024507227665182,-0.6128760912054596,-1.702052098720925,True,False,False,False,False,True,False,True,False,False,True,False,0,0
0.5732313087276673,0.4021494925897383,1.1321491419059484,-0.7032575190168245,-0.0024507227665182,-0.6128760912054596,0.5757024663120962,False,True,False,True,False,False,False,False,True,False,True,False,0,0
-1.5928780681202688,1.0863351987217464,1.5164495974069492,-0.2500254585998932,-0.0024507227665182,-0.6128760912054596,-1.2749731177772337,False,True,False,False,False,True,True,False,False,False,True,False,0,0
-1.65851774620657,1.7757226018355134,1.5164495974069492,0.4950297891295671,-0.0024507227665182,1.216604778064569,0.5757024663120962,True,False,False,False,True,False,False,True,False,True,False,False,1,0
1.4265471238495817,-0.6005317849878973,-1.1736535911000563,2.147767931751159,1.2229106604926003,1.216604778064569,0.0062638250538408,True,False,True,False,False,False,True,False,False,False,True,False,0,0
-1.3303193557750643,1.1828239685162003,1.1321491419059484,0.2459204235799214,1.2229106604926003,1.216604778064569,0.931601617098506,True,False,False,False,True,False,True,False,False,False,True,False,0,0
0.9670693772454738,-0.0652582010446349,0.7478486864049475,-0.9847637394834574,1.2229106604926003,-0.6128760912054596,-1.5596924384063613,False,True,False,True,False,False,False,False,True,False,False,True,0,0
-0.936481287257258,-1.6678278922608225,-1.5579540466010575,-2.3989229061108275,1.2229106604926003,1.216604778064569,-0.2072756654180048,True,False,False,True,False,False,False,False,True,False,False,True,0,0
0.4419519525550651,0.1171398454641849,0.3635482309039466,-0.3066893023540567,-0.0024507227665182,-0.6128760912054596,0.0774436552111228,True,False,False,False,False,True,False,False,True,False,True,False,0,0
-0.0831654721353436,-0.0607744466150457,0.3635482309039466,-0.5951105362516848,-1.2278121060256368,-0.6128760912054596,0.6468822964693782,False,True,True,False,False,False,False,False,True,False,True,False,0,0
-0.1488051502216447,0.2924803812243163,0.3635482309039466,-0.022440448115371,1.2229106604926003,1.216604778064569,0.2909831456829685,True,False,False,False,True,False,False,True,False,False,True,False,1,0
-0.8052019310846557,1.0334106411495247,0.3635482309039466,1.1786998161223758,1.2229106604926003,1.216604778064569,0.4333428059975324,False,True,False,True,False,False,True,False,False,False,True,False,0,0
-1.3959590338613654,0.5642961406930118,0.7478486864049475,-0.109975718508957,-1.2278121060256368,-0.6128760912054596,-0.8478941368335422,False,True,False,True,False,False,False,True,False,True,False,False,1,0
0.0481138840372585,-0.6831222706592138,-0.4050526800980549,-0.7664855407695083,-0.0024507227665182,1.216604778064569,1.5722200885140432,False,True,False,True,False,False,False,True,False,True,False,False,1,0
-0.345724184480548,0.2018977048779009,-0.0207522245970541,0.452670619637693,-1.2278121060256368,-0.6128760912054596,-1.2037932876199515,False,True,False,False,False,True,False,False,True,True,False,False,1,0
1.163988411504377,0.9582163183741472,1.5164495974069492,-0.3884899035622695,1.2229106604926003,1.216604778064569,0.5045226361548143,False,True,True,False,False,False,False,False,True,True,False,False,0,0
0.6388709868139684,-0.3289598550652218,-0.7893531355990558,1.21932561806471,-0.0024507227665182,-0.6128760912054596,-0.5631748162044145,False,True,False,True,False,False,True,False,False,True,False,False,0,0
-1.1990399996024623,-0.6942842454325721,-0.0207522245970541,-1.2907164970547953,-0.0024507227665182,-0.6128760912054596,1.5010402583567612,False,True,False,False,True,False,True,False,False,False,True,False,0,0
0.6388709868139684,1.5742516663935764,1.5164495974069492,0.2772901306472856,-1.2278121060256368,-0.6128760912054596,1.4298604281994791,False,True,True,False,False,False,False,False,True,False,True,False,0,0
-1.65851774620657,0.2538198520942626,-0.0207522245970541,0.5536773432128057,1.2229106604926003,-0.6128760912054596,0.6468822964693782,False,True,False,False,True,False,False,False,True,False,False,True,0,0
-0.0175257940490425,0.0043009500005035,0.3635482309039466,-0.4896152105592681,1.2229106604926003,1.216604778064569,-1.4173327780917977,False,True,False,True,False,False,True,False,False,False,False,True,0,1
-0.8052019310846557,1.3741082473688593,1.5164495974069492,0.0609851851705354,1.2229106604926003,-0.6128760912054596,-1.4173327780917977,True,False,False,True,False,False,False,True,False,False,False,True,0,0
0.2450329182961617,0.5991231275161959,0.3635482309039466,0.4746656484082019,1.2229106604926003,-0.6128760912054596,1.0739612774130698,False,True,False,True,False,False,False,True,False,False,True,False,0,0
0.9670693772454738,-0.3073267558988953,0.7478486864049475,-1.3211265568006028,1.2229106604926003,-0.6128760912054596,0.931601617098506,True,False,False,True,False,False,False,True,False,False,True,False,0,0
-1.65851774620657,-0.6583193873946278,-0.4050526800980549,-0.7061726948048487,1.2229106604926003,-0.6128760912054596,-0.064916005103441,True,False,False,False,True,False,True,False,False,True,False,False,0,0
-1.2646796776887634,1.4820976440839213,1.1321491419059484,0.6097903596523457,-0.0024507227665182,-0.6128760912054596,0.789241956783942,True,False,True,False,False,False,False,False,True,False,True,False,0,0
-0.6739225749120535,-0.9664115648767374,-1.1736535911000563,0.3683578066769382,1.2229106604926003,1.216604778064569,0.860421786941224,False,True,False,False,True,False,True,False,False,False,False,True,0,0
-0.345724184480548,-1.669101224334482,-1.5579540466010575,-2.3989229061108275,-1.2278121060256368,-0.6128760912054596,-1.061433627305388,False,True,True,False,False,False,False,True,False,False,True,False,0,0
-0.1488051502216447,0.8467726697571355,0.7478486864049475,0.2825354079328128,-1.2278121060256368,-0.6128760912054596,-0.4919949860471326,False,True,False,True,False,False,True,False,False,True,False,False,1,0
1.4921868019358826,-0.4613051142105002,-0.4050526800980549,-0.2270956703864952,1.2229106604926003,-0.6128760912054596,0.4333428059975324,True,False,True,False,False,False,True,False,False,False,False,True,0,0
0.5075916306413661,0.2113528728291194,-0.0207522245970541,0.4710642259657466,-0.0024507227665182,-0.6128760912054596,-0.2784554955752868,True,False,False,True,False,False,False,True,False,False,True,False,0,0
0.7045106649002695,0.898559356114597,-0.0207522245970541,1.8079210205624183,-1.2278121060256368,-0.6128760912054596,0.860421786941224,True,False,True,False,False,False,False,False,True,True,False,False,1,0
0.5732313087276673,-0.1466295389858518,1.5164495974069492,-1.5825517623084422,-1.2278121060256368,-0.6128760912054596,0.789241956783942,False,True,False,False,False,True,False,False,True,True,False,False,1,0
0.6388709868139684,0.8852841919423989,1.1321491419059484,-0.1158413627700907,1.2229106604926003,-0.6128760912054596,0.5757024663120962,False,True,False,False,False,True,True,False,False,False,True,False,0,0
-1.002120965343559,0.6269874261919215,1.5164495974069492,-0.7464654383708986,1.2229106604926003,1.216604778064569,-0.7055344765189784,False,True,False,False,True,False,True,False,False,False,True,False,0,0
-0.1488051502216447,-0.4126069354359581,-0.7893531355990558,0.9481209402334544,-0.0024507227665182,-0.6128760912054596,-1.2749731177772337,True,False,False,False,True,False,False,True,False,False,False,True,0,0
1.689105836194786,0.0598128099777144,0.7478486864049475,-0.8109731467420359,1.2229106604926003,-0.6128760912054596,1.643399918671325,True,False,False,False,False,True,True,False,False,False,True,False,0,0
1.0327090553317748,2.266957860550393,1.5164495974069492,1.025932160890573,1.2229106604926003,-0.6128760912054596,0.2909831456829685,True,False,True,False,False,False,True,False,False,False,False,True,1,0
0.5075916306413661,-1.1712825678770638,-1.1736535911000563,-0.6280064558785042,-1.2278121060256368,-0.6128760912054596,0.0774436552111228,True,False,False,False,False,True,True,False,False,False,True,False,1,0
0.7701503429865705,-0.1677749790601382,-0.0207522245970541,-0.2664719544204403,-0.0024507227665182,1.216604778064569,-0.990253797148106,False,True,False,False,False,True,False,False,True,True,False,False,0,0
-0.6082828968257524,-0.2147257127548706,-0.0207522245970541,-0.3578075411439837,1.2229106604926003,1.216604778064569,-0.2072756654180048,False,True,True,False,False,False,False,True,False,False,True,False,0,0
-1.65851774620657,-0.3271853178136322,0.7478486864049475,-1.3487207308457585,1.2229106604926003,-0.6128760912054596,-0.7055344765189784,False,True,True,False,False,False,False,True,False,True,False,False,1,0
0.7045106649002695,0.6322703996890204,-0.0207522245970541,1.289895930022485,1.2229106604926003,-0.6128760912054596,0.2909831456829685,False,True,True,False,False,False,False,False,True,False,True,False,0,0
0.376312274468764,0.5897627821662076,0.7478486864049475,-0.0745889195970242,-1.2278121060256368,-0.6128760912054596,-1.3461529479345156,False,True,True,False,False,False,True,False,False,False,False,True,0,0
-0.345724184480548,-1.303302720960982,-1.1736535911000563,-1.270069805710913,-0.0024507227665182,1.216604778064569,-0.4208151558898506,True,False,True,False,False,False,False,False,True,True,False,False,0,0
0.1137535621235596,0.6055304261421648,1.1321491419059484,-0.4559781445456627,-1.2278121060256368,-0.6128760912054596,-1.6308722685636434,False,True,False,True,False,False,False,True,False,True,False,False,0,0
-0.936481287257258,-0.1865634001895653,-0.0207522245970541,-0.3030220002327757,-1.2278121060256368,-0.6128760912054596,0.5045226361548143,True,False,False,False,True,False,False,True,False,False,False,True,0,0
-1.4615987119476666,-0.443288819976803,-0.0207522245970541,-0.8024426694724147,-0.0024507227665182,1.216604778064569,-0.7055344765189784,False,True,False,True,False,False,True,False,False,False,True,False,1,0
-1.1990399996024623,0.623384167345182,0.7478486864049475,-0.0278708159271221,-1.2278121060256368,-0.6128760912054596,0.2198033155256866,False,True,False,True,False,False,True,False,False,False,True,False,0,0
0.0481138840372585,-0.1071426986165081,-0.4050526800980549,0.6341164310586269,-1.2278121060256368,-0.6128760912054596,-0.6343546463616965,False,True,True,False,False,False,False,True,False,True,False,False,1,0
1.2952677676769793,1.202276147854237,1.1321491419059484,0.2695712282782417,-0.0024507227665182,1.216604778064569,1.2163209377276336,True,False,False,False,True,False,True,False,False,True,False,False,0,0
-1.3303193557750643,-0.1437035844336122,0.3635482309039466,-0.7295490008413974,-0.0024507227665182,1.216604778064569,-1.6308722685636434,True,False,True,False,False,False,False,True,False,True,False,False,0,0
-1.2646796776887634,-0.3818437743797731,0.3635482309039466,-1.115603918758277,-1.2278121060256368,-0.6128760912054596,-0.5631748162044145,False,True,False,True,False,False,False,True,False,False,False,True,0,0
-1.5928780681202688,-1.0735069199230598,-0.7893531355990558,-1.194681493241706,1.2229106604926003,-0.6128760912054596,1.5010402583567612,True,False,True,False,False,False,False,True,False,False,True,False,1,0
0.8357900210728716,-0.2270661970006585,-0.4050526800980549,0.3425000327379666,-0.0024507227665182,1.216604778064569,0.7180621266266601,False,True,False,True,False,False,False,False,True,False,False,True,0,0
0.6388709868139684,-1.046794038547984,-1.1736535911000563,-0.0225722074730217,1.2229106604926003,-0.6128760912054596,-1.7732319288782072,False,True,True,False,False,False,False,True,False,True,False,False,1,0
0.376312274468764,-1.3510120354655542,-1.5579540466010575,0.2748745424236873,-0.0024507227665182,1.216604778064569,-0.990253797148106,False,True,False,False,True,False,False,False,True,True,False,False,0,0
1.2952677676769793,-1.4249872105108323,-1.5579540466010575,-0.444663309707399,1.2229106604926003,1.216604778064569,-0.4208151558898506,True,False,True,False,False,False,False,False,True,False,True,False,0,0
1.5578264800221835,-0.9265183419306938,-1.1736535911000563,0.5623734608177597,-1.2278121060256368,-0.6128760912054596,1.3586805980421974,True,False,True,False,False,False,True,False,False,False,True,False,1,0
-1.5928780681202688,-1.4323562812349908,-1.5579540466010575,-0.5163404002694408,-1.2278121060256368,-0.6128760912054596,-0.5631748162044145,False,True,True,False,False,False,True,False,False,True,False,False,0,0
-1.3303193557750643,-1.170036327975184,-1.5579540466010575,2.0351795606385394,-0.0024507227665182,-0.6128760912054596,-1.2037932876199515,False,True,False,False,False,True,True,False,False,True,False,False,0,0
-0.6082828968257524,-1.1851537598284214,-1.5579540466010575,1.8881361175002331,-0.0024507227665182,-0.6128760912054596,-1.7732319288782072,True,False,False,True,False,False,False,True,False,True,False,False,0,1
1.5578264800221835,0.4216558562713349,0.7478486864049475,-0.3081794379465362,-0.0024507227665182,1.216604778064569,-0.4208151558898506,True,False,False,False,False,True,False,True,False,False,False,True,0,0
-0.345724184480548,0.1578322874777382,1.5164495974069492,-1.2535047264684802,-1.2278121060256368,-0.6128760912054596,-0.3496353257325687,False,True,False,False,False,True,True,False,False,True,False,False,0,0
1.5578264800221835,0.7106480526485478,0.7478486864049475,0.0933854386423825,-1.2278121060256368,-0.6128760912054596,1.1451411075703517,False,True,False,False,False,True,False,False,True,True,False,False,0,0
0.1793932402098607,1.6577361937336323,1.5164495974069492,0.3675160107808361,-1.2278121060256368,-0.6128760912054596,-0.7055344765189784,False,True,False,True,False,False,False,False,True,False,False,True,0,0
-1.3959590338613654,-0.7657804867599802,-0.4050526800980549,-0.9674844408658224,1.2229106604926003,-0.6128760912054596,-0.6343546463616965,True,False,False,False,True,False,False,False,True,False,True,False,0,0
0.9014296991591728,1.0872427864763756,0.7478486864049475,0.6166771389352722,-1.2278121060256368,-0.6128760912054596,0.0062638250538408,True,False,False,False,True,False,False,True,False,False,True,False,1,0
1.0327090553317748,-0.5155571881999413,-0.4050526800980549,-0.359019727234371,1.2229106604926003,1.216604778064569,-1.4885126082490794,True,False,True,False,False,False,True,False,False,False,False,True,1,0
-1.5272383900339677,-1.0696191932726304,-1.5579540466010575,2.4123853279465277,-1.2278121060256368,-0.6128760912054596,-0.3496353257325687,True,False,True,False,False,False,False,False,True,False,True,False,0,0
-1.65851774620657,-1.230533147559914,-1.1736535911000563,-0.9161641710608308,-1.2278121060256368,-0.6128760912054596,0.931601617098506,False,True,False,False,False,True,True,False,False,True,False,False,0,0
-1.3303193557750643,1.5255399415331443,1.5164495974069492,0.2246449473014715,-1.2278121060256368,-0.6128760912054596,-0.2072756654180048,False,True,False,False,False,True,True,False,False,False,False,True,0,0
-1.3303193557750643,-0.963350149465598,-1.1736535911000563,0.38324661409148,-0.0024507227665182,-0.6128760912054596,0.860421786941224,True,False,False,True,False,False,False,True,False,False,True,False,0,0
1.689105836194786,-0.1964249507174836,-0.4050526800980549,0.4170099494895006,-1.2278121060256368,-0.6128760912054596,1.4298604281994791,False,True,False,False,False,True,False,False,True,False,False,True,0,0
-0.5426432187394513,-0.5673303284715128,-0.0207522245970541,-1.0437467570741128,-1.2278121060256368,-0.6128760912054596,1.643399918671325,True,False,False,True,False,False,False,False,True,True,False,False,0,0
-1.3959590338613654,-0.6319451581668021,-0.4050526800980549,-0.6420388274683161,1.2229106604926003,1.216604778064569,-1.3461529479345156,False,True,False,False,True,False,True,False,False,False,True,False,0,0
-1.3959590338613654,1.4553983087947355,1.1321491419059484,0.5773281479111267,-0.0024507227665182,1.216604778064569,-0.064916005103441,False,True,False,False,True,False,True,False,False,False,True,False,0,0
0.9670693772454738,1.1147684330048515,1.5164495974069492,-0.2192962484099987,-1.2278121060256368,-0.6128760912054596,-1.061433627305388,False,True,False,False,False,True,True,False,False,True,False,False,0,0
1.4265471238495817,0.4839272131076548,-0.4050526800980549,2.071413383992513,-1.2278121060256368,-0.6128760912054596,0.0062638250538408,False,True,False,False,True,False,False,True,False,False,True,False,0,0
-0.345724184480548,-0.3060398777393455,-0.0207522245970541,-0.5354455071288089,-1.2278121060256368,-0.6128760912054596,0.931601617098506,False,True,False,False,False,True,False,True,False,False,True,False,1,0
-0.6739225749120535,0.5840192417488486,1.1321491419059484,-0.4821323770393487,-1.2278121060256368,-0.6128760912054596,-0.919073966990824,False,True,False,False,False,True,False,True,False,False,False,True,0,1
-0.4770035406531502,-0.254497020927904,-0.0207522245970541,-0.4351766359565405,-0.0024507227665182,-0.6128760912054596,-0.919073966990824,True,False,False,True,False,False,False,True,False,False,True,False,0,0
-1.2646796776887634,0.927791809465212,0.7478486864049475,0.3951143676627424,-1.2278121060256368,-0.6128760912054596,-0.990253797148106,False,True,False,False,True,False,False,False,True,True,False,False,0,0
0.9670693772454738,-0.4089088539879887,-0.7893531355990558,0.9601110417796784,-1.2278121060256368,-0.6128760912054596,-1.061433627305388,True,False,False,False,True,False,True,False,False,False,True,False,0,0
-0.0831654721353436,1.4234972765237903,0.3635482309039466,1.811078853167449,-1.2278121060256368,-0.6128760912054596,0.860421786941224,False,True,False,True,False,False,False,True,False,False,True,False,1,0
1.098348733418076,0.9259495417841724,0.7478486864049475,0.3925544715712413,1.2229106604926003,-0.6128760912054596,0.5757024663120962,False,True,False,False,False,True,True,False,False,False,False,True,0,0
-0.6082828968257524,0.307259160930304,-0.0207522245970541,0.6576354763992972,1.2229106604926003,3.0460856473345976,0.0062638250538408,True,False,False,False,True,False,False,False,True,False,False,True,0,0
-0.6082828968257524,0.7796924524298665,0.7478486864049475,0.1893250737775521,1.2229106604926003,1.216604778064569,-0.1360958352607229,False,True,False,False,False,True,False,False,True,True,False,False,1,0
-1.4615987119476666,-1.590926762663305,-1.5579540466010575,-2.05871544092985,-0.0024507227665182,-0.6128760912054596,0.931601617098506,True,False,False,False,False,True,False,True,False,False,False,True,0,0
-1.5272383900339677,-0.3052677508436157,-0.0207522245970541,-0.5339434504515895,1.2229106604926003,-0.6128760912054596,-1.3461529479345156,False,True,False,False,True,False,False,False,True,False,True,False,0,0
1.6234661581084848,-1.2713204121746975,-1.5579540466010575,1.050014843483416,1.2229106604926003,-0.6128760912054596,1.4298604281994791,False,True,False,False,False,True,False,False,True,False,False,True,0,0
-0.4113638625668491,-1.182688372196442,-1.1736535911000563,-0.6834771454494963,-1.2278121060256368,-0.6128760912054596,-1.6308722685636434,True,False,False,False,True,False,True,False,False,False,False,True,0,0
0.7045106649002695,0.3880209250064705,0.3635482309039466,0.1324426768031591,1.2229106604926003,-0.6128760912054596,1.0739612774130698,True,False,False,False,True,False,True,False,False,False,True,False,0,0
-1.4615987119476666,1.2159983328608048,1.5164495974069492,-0.1098920617739407,-0.0024507227665182,-0.6128760912054596,0.931601617098506,True,False,False,False,False,True,True,False,False,True,False,False,0,0
-1.65851774620657,-0.1710260396737375,-0.4050526800980549,0.4787721483883196,-1.2278121060256368,-0.6128760912054596,0.931601617098506,True,False,True,False,False,False,False,False,True,True,False,False,1,0
1.2952677676769793,1.4448865461440976,1.1321491419059484,0.5645474902189984,-0.0024507227665182,-0.6128760912054596,0.0062638250538408,True,False,False,True,False,False,True,False,False,False,True,False,0,0
-1.1334003215161612,-1.285611532788645,-1.5579540466010575,0.9110087211618088,-1.2278121060256368,-0.6128760912054596,-1.2749731177772337,True,False,False,False,False,True,True,False,False,False,True,False,0,0
0.7701503429865705,0.1700508569505162,0.7478486864049475,-0.6577934820902773,1.2229106604926003,1.216604778064569,1.643399918671325,True,False,False,False,True,False,False,True,False,False,True,False,0,0
-0.0175257940490425,-1.2586683679534394,-0.4050526800980549,-2.1660334377364365,-1.2278121060256368,-0.6128760912054596,0.2909831456829685,True,False,False,False,False,True,False,False,True,False,False,True,0,0
-0.936481287257258,0.1960999801169819,-0.0207522245970541,0.4413920186227836,1.2229106604926003,1.216604778064569,1.2163209377276336,True,False,False,False,True,False,True,False,False,False,False,True,0,0
-0.8052019310846557,0.0478922543945164,-0.0207522245970541,0.153076192211276,-1.2278121060256368,-0.6128760912054596,-0.8478941368335422,False,True,False,False,True,False,False,False,True,True,False,False,1,0
0.4419519525550651,0.0241324197434603,0.3635482309039466,-0.4574659272924699,1.2229106604926003,1.216604778064569,-1.5596924384063613,True,False,False,False,False,True,False,False,True,False,True,False,0,0
0.0481138840372585,0.6017239760070755,0.7478486864049475,-0.0579684177676434,-0.0024507227665182,-0.6128760912054596,-1.4173327780917977,True,False,False,False,False,True,False,True,False,False,False,True,1,0
0.3106725963824628,1.190572329645279,1.1321491419059484,0.2553412176519541,-1.2278121060256368,-0.6128760912054596,-0.6343546463616965,False,True,False,True,False,False,True,False,False,True,False,False,0,0
1.4921868019358826,-0.4146253022335678,-0.7893531355990558,0.9415768921367972,-1.2278121060256368,-0.6128760912054596,-1.061433627305388,True,False,False,False,False,True,False,False,True,False,False,True,0,0
-0.8052019310846557,2.383887673952853,1.5164495974069492,1.15230402480633,1.2229106604926003,1.216604778064569,0.860421786941224,False,True,True,False,False,False,False,True,False,True,False,False,0,0
-1.06776064342986,0.2693707586959798,0.7478486864049475,-0.5197849663337412,-1.2278121060256368,-0.6128760912054596,0.3621629758402505,True,False,True,False,False,False,True,False,False,False,False,True,0,0
1.2952677676769793,-0.1310650862982443,1.1321491419059484,-1.3515629684179404,-1.2278121060256368,-0.6128760912054596,-1.2749731177772337,False,True,False,False,False,True,False,True,False,True,False,False,0,1
-1.06776064342986,-1.053892187554343,-1.5579540466010575,2.4123853279465277,-0.0024507227665182,1.216604778064569,1.643399918671325,False,True,False,True,False,False,False,True,False,False,True,False,1,0
0.4419519525550651,-0.6835828375794738,-0.7893531355990558,0.0695495434178375,-0.0024507227665182,-0.6128760912054596,-0.2784554955752868,False,True,False,False,False,True,True,False,False,True,False,False,1,0
-1.1334003215161612,-1.4409444996892498,-1.1736535911000563,-1.939473222255865,-1.2278121060256368,-0.6128760912054596,-1.702052098720925,False,True,False,True,False,False,False,False,True,True,False,False,1,0
-1.3959590338613654,0.555396362263283,0.7478486864049475,-0.1223422753627544,1.2229106604926003,1.216604778064569,1.2875007678849155,False,True,True,False,False,False,True,False,False,False,True,False,0,0
-1.5272383900339677,0.3384557967349688,0.3635482309039466,0.0520914285291054,1.2229106604926003,-0.6128760912054596,0.4333428059975324,True,False,False,False,True,False,True,False,False,True,False,False,0,0
0.8357900210728716,0.800485694271013,0.3635482309039466,0.8010994569880892,-1.2278121060256368,-0.6128760912054596,-0.990253797148106,False,True,False,True,False,False,True,False,False,False,False,True,0,0
1.0327090553317748,0.4807709750952854,0.7478486864049475,-0.2260368898339438,-1.2278121060256368,-0.6128760912054596,-1.5596924384063613,False,True,False,False,True,False,False,False,True,False,False,True,0,0
1.2952677676769793,-0.5446541806916565,-0.4050526800980549,-0.4297745022928572,-0.0024507227665182,-0.6128760912054596,0.860421786941224,True,False,False,False,True,False,False,False,True,False,True,False,0,0
1.163988411504377,-1.664752930763793,-1.5579540466010575,-2.3989229061108275,-1.2278121060256368,-0.6128760912054596,1.2875007678849155,True,False,False,False,True,False,False,False,True,True,False,False,1,0
0.0481138840372585,-1.0940969704758563,-1.5579540466010575,2.4123853279465277,-0.0024507227665182,-0.6128760912054596,0.789241956783942,False,True,False,True,False,False,True,False,False,False,True,False,0,0
0.7045106649002695,-1.4085558083262648,-1.5579540466010575,-0.2848392088769637,-1.2278121060256368,-0.6128760912054596,0.860421786941224,True,False,False,False,True,False,False,True,False,True,False,False,0,0
1.689105836194786,0.0603681994992044,0.3635482309039466,-0.3987232136731496,-1.2278121060256368,-0.6128760912054596,1.643399918671325,True,False,False,False,True,False,True,False,False,True,False,False,1,0
1.6234661581084848,0.2389327037011551,-0.0207522245970541,0.5247166364011575,-1.2278121060256368,-0.6128760912054596,-0.8478941368335422,True,False,False,True,False,False,False,True,False,True,False,False,0,0
0.5732313087276673,-0.2628820480938127,-0.0207522245970541,-0.451488444433711,1.2229106604926003,3.0460856473345976,0.860421786941224,False,True,True,False,False,False,False,False,True,True,False,False,0,0
-0.6739225749120535,0.4115098379397266,-0.0207522245970541,0.8604394796954276,1.2229106604926003,-0.6128760912054596,0.6468822964693782,True,False,False,False,False,True,True,False,False,True,False,False,0,0
-0.8052019310846557,-0.9418796033299514,-0.7893531355990558,-0.7679129338107252,-0.0024507227665182,1.216604778064569,1.3586805980421974,False,True,False,False,True,False,False,False,True,True,False,False,1,0
0.9014296991591728,1.3371951633186148,1.5164495974069492,0.0210913796595944,-0.0024507227665182,-0.6128760912054596,-0.1360958352607229,False,True,False,False,True,False,False,True,False,False,True,False,1,0
-0.7395622529983547,-1.309439097869151,-1.5579540466010575,0.6792440110540303,-0.0024507227665182,1.216604778064569,1.643399918671325,True,False,False,False,False,True,False,True,False,False,True,False,0,0
-1.5272383900339677,0.3414494817166584,-0.0207522245970541,0.7241476001414265,-0.0024507227665182,1.216604778064569,0.2909831456829685,False,True,False,True,False,False,True,False,False,False,True,False,1,0
-0.0175257940490425,-0.6127368083747853,-0.7893531355990558,0.2992500235890871,-0.0024507227665182,-0.6128760912054596,-0.064916005103441,True,False,True,False,False,False,True,False,False,False,False,True,0,0
-0.0831654721353436,1.0154214390876075,-0.0207522245970541,2.0352586162531305,-0.0024507227665182,-0.6128760912054596,-1.6308722685636434,False,True,False,False,True,False,True,False,False,False,True,False,1,0
0.3106725963824628,-0.3844581689565428,-0.7893531355990558,1.0393862552995838,1.2229106604926003,-0.6128760912054596,0.789241956783942,False,True,False,False,False,True,False,True,False,True,False,False,0,0
-1.002120965343559,0.7037530949305387,0.7478486864049475,0.0838046510646304,-1.2278121060256368,-0.6128760912054596,0.3621629758402505,False,True,True,False,False,False,True,False,False,False,True,False,0,0
0.7701503429865705,-0.5363775222128678,-1.1736535911000563,2.4123853279465277,-0.0024507227665182,1.216604778064569,-0.5631748162044145,False,True,True,False,False,False,False,True,False,False,True,False,0,0
0.1793932402098607,2.3001457709808872,1.5164495974069492,1.0617999860288498,-1.2278121060256368,-0.6128760912054596,-0.3496353257325687,True,False,False,False,True,False,False,True,False,False,True,False,0,0
0.1793932402098607,-0.834025667473789,-0.7893531355990558,-0.418223598605469,-0.0024507227665182,-0.6128760912054596,-0.6343546463616965,True,False,False,False,False,True,True,False,False,False,True,False,1,0
-0.280084506394247,-1.632431969830258,-1.5579540466010575,-2.3989229061108275,1.2229106604926003,-0.6128760912054596,-1.7732319288782072,True,False,False,False,True,False,False,True,False,False,True,False,0,0
0.2450329182961617,-1.3559969950730737,-1.1736535911000563,-1.5263417563417427,-0.0024507227665182,-0.6128760912054596,1.2163209377276336,False,True,True,False,False,False,False,True,False,True,False,False,1,0
0.8357900210728716,-1.68150943900972,-1.5579540466010575,-2.3989229061108275,1.2229106604926003,1.216604778064569,-0.5631748162044145,False,True,False,True,False,False,True,False,False,False,False,True,0,0
0.3106725963824628,0.2687882770027101,0.7478486864049475,-0.5205943452450239,-0.0024507227665182,1.216604778064569,0.0062638250538408,True,False,False,True,False,False,False,False,True,True,False,False,0,0
0.8357900210728716,-1.5145810225872771,-1.5579540466010575,-1.316119701209872,1.2229106604926003,-0.6128760912054596,1.5010402583567612,False,True,False,True,False,False,False,False,True,False,True,False,0,0
-1.002120965343559,0.3689209439015738,0.7478486864049475,-0.381456463565766,-1.2278121060256368,-0.6128760912054596,0.7180621266266601,True,False,False,True,False,False,True,False,False,False,True,False,0,0
0.1137535621235596,0.5433945301647451,0.7478486864049475,-0.1390192454882716,-1.2278121060256368,-0.6128760912054596,-1.3461529479345156,True,False,False,False,False,True,True,False,False,False,True,False,0,0
-0.4770035406531502,-0.2830250778122392,-0.4050526800980549,0.2064255561240904,-1.2278121060256368,-0.6128760912054596,-1.4885126082490794,True,False,False,False,False,True,False,False,True,False,True,False,0,1
1.2952677676769793,-1.346555373207745,-1.1736535911000563,-1.4804236202004348,-1.2278121060256368,-0.6128760912054596,0.6468822964693782,True,False,True,False,False,False,False,True,False,False,False,True,0,0
0.7045106649002695,-0.7966520165032851,-0.7893531355990558,-0.2970489093526057,-0.0024507227665182,1.216604778064569,1.5010402583567612,False,True,False,False,True,False,False,True,False,False,False,True,1,0
1.163988411504377,1.576703507939666,1.5164495974069492,0.279939957728929,1.2229106604926003,-0.6128760912054596,1.2163209377276336,True,False,False,False,False,True,True,False,False,True,False,False,0,0
1.5578264800221835,0.1079420531448765,-0.0207522245970541,0.269894038704486,-1.2278121060256368,-0.6128760912054596,-1.5596924384063613,True,False,False,True,False,False,False,True,False,True,False,False,0,0
-1.4615987119476666,-0.2690455171737616,-0.0207522245970541,-0.4634785459799349,-1.2278121060256368,-0.6128760912054596,1.002781447255788,True,False,False,False,False,True,False,True,False,True,False,False,0,0
-0.8708416091709568,-1.0395333365109451,-1.1736535911000563,0.012739300377396,-0.0024507227665182,1.216604778064569,0.860421786941224,False,True,False,True,False,False,False,True,False,False,True,False,1,0
0.4419519525550651,0.2708472820579898,0.7478486864049475,-0.517733284907464,-1.2278121060256368,-0.6128760912054596,0.0062638250538408,False,True,False,True,False,False,True,False,False,False,True,False,0,1
-1.2646796776887634,-1.1202409162435525,-1.1736535911000563,-0.3797718260643741,-1.2278121060256368,-0.6128760912054596,1.643399918671325,True,False,False,False,False,True,True,False,False,False,False,True,0,0
0.7701503429865705,1.3076511499925296,1.1321491419059484,0.3976907336739502,1.2229106604926003,1.216604778064569,-0.4919949860471326,True,False,True,False,False,False,True,False,False,False,False,True,0,0
0.7045106649002695,-1.7031154460042666,-1.5579540466010575,-2.3989229061108275,1.2229106604926003,-0.6128760912054596,1.4298604281994791,False,True,False,False,False,True,False,False,True,True,False,False,0,0
0.376312274468764,-0.8520690538792661,-0.7893531355990558,-0.4767247534024304,-1.2278121060256368,-0.6128760912054596,0.2198033155256866,True,False,False,False,False,True,True,False,False,False,True,False,0,0
-1.3303193557750643,-0.901850919525008,-1.1736535911000563,0.6823403559588238,-0.0024507227665182,1.216604778064569,-0.2072756654180048,True,False,False,True,False,False,False,False,True,True,False,False,1,0
-0.5426432187394513,-0.913243177758496,-0.0207522245970541,-1.716668148468341,1.2229106604926003,3.0460856473345976,1.4298604281994791,False,True,False,False,False,True,True,False,False,True,False,False,1,0
1.3609074457632804,-1.0808895367331086,-1.1736535911000563,-0.1883913590765691,1.2229106604926003,1.216604778064569,-1.4885126082490794,False,True,False,True,False,False,True,False,False,True,False,False,1,1
1.098348733418076,0.1136991396481255,1.1321491419059484,-1.0539679892438742,-0.0024507227665182,-0.6128760912054596,-1.4173327780917977,False,True,False,False,False,True,False,False,True,False,False,True,1,0
-1.3303193557750643,-0.8857717155735805,-1.1736535911000563,0.7605395347245817,-0.0024507227665182,-0.6128760912054596,0.5045226361548143,True,False,False,False,False,True,True,False,False,False,False,True,1,0
-0.4113638625668491,-1.0614373573950715,-1.5579540466010575,2.4123853279465277,1.2229106604926003,1.216604778064569,1.643399918671325,True,False,False,False,False,True,True,False,False,True,False,False,1,0
1.4265471238495817,0.4838052983346449,0.7478486864049475,-0.2218205903891179,1.2229106604926003,-0.6128760912054596,0.5757024663120962,True,False,False,False,False,True,False,True,False,True,False,False,0,0
0.4419519525550651,-1.3278888668513282,-1.5579540466010575,0.4997877659336238,1.2229106604926003,-0.6128760912054596,-0.8478941368335422,False,True,False,False,False,True,True,False,False,True,False,False,0,0
-0.345724184480548,1.904058219557352,0.7478486864049475,1.7516710685047487,-0.0024507227665182,1.216604778064569,1.2163209377276336,False,True,True,False,False,False,False,False,True,True,False,False,0,0
-1.06776064342986,1.5288722786620832,1.1321491419059484,0.6666609923983772,-0.0024507227665182,-0.6128760912054596,0.4333428059975324,False,True,False,False,True,False,False,True,False,False,False,True,1,0
0.7045106649002695,1.177581633276771,1.1321491419059484,0.2395465646535628,-0.0024507227665182,-0.6128760912054596,-0.064916005103441,True,False,False,True,False,False,True,False,False,False,False,True,0,0
-1.2646796776887634,-0.5456024067039564,-0.4050526800980549,-0.4320802910517466,-0.0024507227665182,1.216604778064569,1.5010402583567612,False,True,True,False,False,False,True,False,False,False,True,False,0,0
-0.345724184480548,0.6381087627076097,0.3635482309039466,0.5378662202947084,-0.0024507227665182,-0.6128760912054596,0.789241956783942,False,True,False,False,False,True,False,True,False,False,True,False,0,0
-0.4113638625668491,1.7886184756027907,1.5164495974069492,0.508967001183297,-0.0024507227665182,1.216604778064569,1.3586805980421974,True,False,True,False,False,False,True,False,False,False,True,False,0,0
-0.7395622529983547,0.0901154041136393,-0.4050526800980549,1.1137863725864088,1.2229106604926003,1.216604778064569,0.7180621266266601,False,True,False,False,True,False,True,False,False,False,False,True,0,0
0.0481138840372585,-1.2510690137691507,-0.7893531355990558,-1.7703820466039897,-1.2278121060256368,-0.6128760912054596,1.2875007678849155,False,True,False,True,False,False,False,True,False,False,True,False,0,0
1.6234661581084848,0.5423921198088854,-0.0207522245970541,1.1150512624198567,-1.2278121060256368,-0.6128760912054596,1.0739612774130698,False,True,False,False,True,False,False,False,True,True,False,False,0,0
-0.4770035406531502,2.082812368961763,1.1321491419059484,1.3401654189502112,-0.0024507227665182,-0.6128760912054596,0.5757024663120962,False,True,True,False,False,False,False,True,False,False,True,False,0,0
-0.0831654721353436,1.421384087124951,1.1321491419059484,0.5359721795284779,-1.2278121060256368,-0.6128760912054596,0.1486234853684047,False,True,False,False,True,False,False,True,False,True,False,False,0,0
-1.1334003215161612,1.6947305542992162,1.1321491419059484,0.8683186892829455,-1.2278121060256368,-0.6128760912054596,1.4298604281994791,True,False,True,False,False,False,False,False,True,False,False,True,0,0
-1.4615987119476666,-1.1760101518526729,-1.1736535911000563,-0.6509984637885711,-0.0024507227665182,-0.6128760912054596,1.5010402583567612,False,True,True,False,False,False,True,False,False,False,False,True,0,0
-0.8708416091709568,1.806147110744448,1.1321491419059484,1.0037837788676869,1.2229106604926003,-0.6128760912054596,-1.3461529479345156,True,False,False,False,True,False,True,False,False,False,False,True,0,0
0.7701503429865705,-0.4209784165159768,-0.4050526800980549,-0.1290337684548782,-1.2278121060256368,-0.6128760912054596,1.1451411075703517,False,True,False,False,False,True,False,True,False,False,True,False,0,0
0.1793932402098607,-1.1799791550184424,-1.1736535911000563,-0.6703012096844151,-1.2278121060256368,-0.6128760912054596,1.002781447255788,False,True,False,True,False,False,True,False,False,False,False,True,0,0
-1.002120965343559,-0.1785034790850165,-0.0207522245970541,-0.2873426366723291,-0.0024507227665182,-0.6128760912054596,-0.7055344765189784,True,False,False,False,False,True,True,False,False,False,True,False,1,0
-0.6082828968257524,0.5892344848164975,0.3635482309039466,0.4586349265606868,1.2229106604926003,1.216604778064569,-1.2749731177772337,True,False,False,False,True,False,False,True,False,False,True,False,0,0
-0.4770035406531502,-0.7219724449917274,-1.1736535911000563,1.5571566110813928,-1.2278121060256368,-0.6128760912054596,1.0739612774130698,True,False,True,False,False,False,False,True,False,False,True,False,0,0
0.5732313087276673,0.3491707506739568,1.5164495974069492,-1.046715734599844,-0.0024507227665182,-0.6128760912054596,0.6468822964693782,True,False,True,False,False,False,False,False,True,True,False,False,0,0
1.163988411504377,1.5880280357437038,0.7478486864049475,1.31253595221997,1.2229106604926003,1.216604778064569,-1.061433627305388,False,True,False,False,True,False,True,False,False,False,False,True,0,0
-0.8052019310846557,0.0826108725305806,-0.4050526800980549,1.0955377015517715,-1.2278121060256368,-0.6128760912054596,-0.990253797148106,True,False,True,False,False,False,True,False,False,True,False,False,0,0
1.3609074457632804,-0.0378138310314994,-0.7893531355990558,2.163293576061012,-0.0024507227665182,-0.6128760912054596,-0.1360958352607229,True,False,False,True,False,False,True,False,False,True,False,False,1,0
-0.4770035406531502,-0.4548165390691912,-0.7893531355990558,0.811266887420144,-0.0024507227665182,1.216604778064569,-0.2072756654180048,False,True,False,True,False,False,True,False,False,False,True,False,1,0
